DATE_TIME,PLANT_ID,SOURCE_KEY,AMBIENT_TEMPERATURE,MODULE_TEMPERATURE,IRRADIATION
2020-06-10 00:00:00,4135001,HmiyD2TTLFNqkNe,22.842787599999998,20.787239800000002,0
2020-06-10 00:15:00,4135001,HmiyD2TTLFNqkNe,22.775156466666665,20.823775266666669,0
2020-06-10 00:30:00,4135001,HmiyD2TTLFNqkNe,22.709958785714285,20.856700285714282,0
2020-06-10 00:45:00,4135001,HmiyD2TTLFNqkNe,22.707275399999997,20.97303453333333,0
2020-06-10 01:00:00,4135001,HmiyD2TTLFNqkNe,22.628609266666665,20.859824600000003,0
2020-06-10 01:15:00,4135001,HmiyD2TTLFNqkNe,22.565948333333335,20.731398666666671,0
2020-06-10 01:30:00,4135001,HmiyD2TTLFNqkNe,22.507914333333336,20.614268066666664,0
2020-06-10 01:45:00,4135001,HmiyD2TTLFNqkNe,22.3333334,20.511220133333335,0
2020-06-10 02:00:00,4135001,HmiyD2TTLFNqkNe,22.279797199999997,20.555924533333329,0
2020-06-10 02:15:00,4135001,HmiyD2TTLFNqkNe,22.323323733333336,20.624074266666671,0
2020-06-10 02:30:00,4135001,HmiyD2TTLFNqkNe,22.427673333333335,20.730798399999998,0
2020-06-10 02:45:00,4135001,HmiyD2TTLFNqkNe,22.395074,20.697845428571426,0
2020-06-10 03:00:00,4135001,HmiyD2TTLFNqkNe,22.332193866666668,20.470330666666669,0
2020-06-10 03:15:00,4135001,HmiyD2TTLFNqkNe,22.251780066666665,20.1620504,0
2020-06-10 03:30:00,4135001,HmiyD2TTLFNqkNe,22.111023000000003,19.952040666666665,0
2020-06-10 03:45:00,4135001,HmiyD2TTLFNqkNe,22.039939333333336,19.941762333333333,0
2020-06-10 04:00:00,4135001,HmiyD2TTLFNqkNe,21.9428224,19.8509522,0
2020-06-10 04:15:00,4135001,HmiyD2TTLFNqkNe,21.844205733333332,19.808901000000006,0
2020-06-10 04:30:00,4135001,HmiyD2TTLFNqkNe,21.888639400000002,19.825120000000002,0
2020-06-10 04:45:00,4135001,HmiyD2TTLFNqkNe,21.924647928571428,19.850221714285713,0
2020-06-10 05:00:00,4135001,HmiyD2TTLFNqkNe,21.943217000000004,19.759975333333333,0
2020-06-10 05:15:00,4135001,HmiyD2TTLFNqkNe,21.934802266666665,19.634918133333333,0
2020-06-10 05:30:00,4135001,HmiyD2TTLFNqkNe,21.806713866666666,19.316455,0
2020-06-10 05:45:00,4135001,HmiyD2TTLFNqkNe,21.772216800000002,19.202215400000007,0.0002504884802
2020-06-10 06:00:00,4135001,HmiyD2TTLFNqkNe,21.767089866666666,19.326090533333335,0.0090791752333333354
2020-06-10 06:15:00,4135001,HmiyD2TTLFNqkNe,21.830293866666668,19.779553133333337,0.031577319933333334
2020-06-10 06:30:00,4135001,HmiyD2TTLFNqkNe,22.186450266666665,20.739892533333332,0.060069833799999993
2020-06-10 06:45:00,4135001,HmiyD2TTLFNqkNe,22.50998785714286,22.357663928571426,0.0952975517857143
2020-06-10 07:00:00,4135001,HmiyD2TTLFNqkNe,22.875121866666671,23.57799266666667,0.17650477166666664
2020-06-10 07:15:00,4135001,HmiyD2TTLFNqkNe,23.399713266666666,26.031282600000004,0.22465588800000003
2020-06-10 07:30:00,4135001,HmiyD2TTLFNqkNe,23.833986466666666,30.019337866666667,0.28159214333333332
2020-06-10 07:45:00,4135001,HmiyD2TTLFNqkNe,24.35052086666667,33.071700066666672,0.337822402
2020-06-10 08:00:00,4135001,HmiyD2TTLFNqkNe,24.7890238,35.482057666666662,0.29943859733333333
2020-06-10 08:15:00,4135001,HmiyD2TTLFNqkNe,25.026772133333335,33.531537,0.20625441266666666
2020-06-10 08:30:00,4135001,HmiyD2TTLFNqkNe,25.165039066666669,32.886771399999994,0.24821803333333334
2020-06-10 08:45:00,4135001,HmiyD2TTLFNqkNe,25.693823266666666,36.7325926,0.47398864
2020-06-10 09:00:00,4135001,HmiyD2TTLFNqkNe,26.275140333333333,41.8781982,0.47842251
2020-06-10 09:15:00,4135001,HmiyD2TTLFNqkNe,26.626002714285711,41.633061285714284,0.58693767999999991
2020-06-10 09:30:00,4135001,HmiyD2TTLFNqkNe,27.044360466666664,43.413368933333324,0.576820234
2020-06-10 09:45:00,4135001,HmiyD2TTLFNqkNe,27.166434800000005,41.886745199999993,0.4474333473333334
2020-06-10 10:00:00,4135001,HmiyD2TTLFNqkNe,26.920458933333332,36.647984066666666,0.31987558066666671
2020-06-10 10:15:00,4135001,HmiyD2TTLFNqkNe,27.128527933333331,38.266939133333324,0.480099376
2020-06-10 10:30:00,4135001,HmiyD2TTLFNqkNe,27.5968486,42.387589399999996,0.51049508933333332
2020-06-10 10:45:00,4135001,HmiyD2TTLFNqkNe,27.74402266666667,40.183040466666661,0.42855548333333338
2020-06-10 11:00:00,4135001,HmiyD2TTLFNqkNe,27.951820866666669,38.8228558,0.320387256
2020-06-10 11:15:00,4135001,HmiyD2TTLFNqkNe,27.866050266666669,39.599638000000006,0.601040456
2020-06-10 11:30:00,4135001,HmiyD2TTLFNqkNe,28.374143285714283,47.206085214285721,0.683142175
2020-06-10 11:45:00,4135001,HmiyD2TTLFNqkNe,28.499033466666667,45.567177133333331,0.68531785000000012
2020-06-10 12:00:00,4135001,HmiyD2TTLFNqkNe,29.792344066666669,53.1358704,1.0311831480000002
2020-06-10 12:15:00,4135001,HmiyD2TTLFNqkNe,30.189037933333331,54.239634266666656,0.869060306
2020-06-10 12:30:00,4135001,HmiyD2TTLFNqkNe,30.080072133333331,53.7302392,0.86864831599999992
2020-06-10 12:45:00,4135001,HmiyD2TTLFNqkNe,30.856345533333332,54.689917066666673,0.86530400066666668
2020-06-10 13:00:00,4135001,HmiyD2TTLFNqkNe,30.978605133333335,51.86274186666666,0.70523600266666653
2020-06-10 13:15:00,4135001,HmiyD2TTLFNqkNe,30.685426933333336,46.797924933333334,0.57533503199999991
2020-06-10 13:30:00,4135001,HmiyD2TTLFNqkNe,31.166330933333331,50.699784266666676,0.85274037400000013
2020-06-10 13:45:00,4135001,HmiyD2TTLFNqkNe,31.304212285714286,51.353740285714288,0.65469237357142851
2020-06-10 14:00:00,4135001,HmiyD2TTLFNqkNe,31.092325933333335,46.043298533333328,0.53785904666666673
2020-06-10 14:15:00,4135001,HmiyD2TTLFNqkNe,31.361989333333334,48.560525000000005,0.68017541399999992
2020-06-10 14:30:00,4135001,HmiyD2TTLFNqkNe,31.511543666666668,48.153831000000004,0.444713674
2020-06-10 14:45:00,4135001,HmiyD2TTLFNqkNe,26.491621866666662,29.685520466666663,0.063960636133333332
2020-06-10 15:00:00,4135001,HmiyD2TTLFNqkNe,23.6877706,23.490259000000005,0.13062389466666668
2020-06-10 15:15:00,4135001,HmiyD2TTLFNqkNe,24.049064199999997,25.863409466666663,0.21617013533333335
2020-06-10 15:30:00,4135001,HmiyD2TTLFNqkNe,25.028104666666668,29.658355666666669,0.29194878466666668
2020-06-10 15:45:00,4135001,HmiyD2TTLFNqkNe,25.1799176,32.456162333333339,0.24741127333333335
2020-06-10 16:00:00,4135001,HmiyD2TTLFNqkNe,25.529737071428571,33.1866565,0.27245466214285718
2020-06-10 16:15:00,4135001,HmiyD2TTLFNqkNe,26.168872133333338,35.321976600000006,0.35374110733333336
2020-06-10 16:30:00,4135001,HmiyD2TTLFNqkNe,26.560512333333332,35.3695456,0.24380124866666669
2020-06-10 16:45:00,4135001,HmiyD2TTLFNqkNe,26.307415666666667,32.084030933333331,0.19328861533333336
2020-06-10 17:00:00,4135001,HmiyD2TTLFNqkNe,26.023769133333335,30.4908548,0.16737001799999998
2020-06-10 17:15:00,4135001,HmiyD2TTLFNqkNe,26.0763428,30.701261466666665,0.17003262
2020-06-10 17:30:00,4135001,HmiyD2TTLFNqkNe,25.9601472,29.500253299999997,0.1014331655
2020-06-10 17:45:00,4135001,HmiyD2TTLFNqkNe,25.690484214285718,27.858786357142858,0.082662300857142865
2020-06-10 18:00:00,4135001,HmiyD2TTLFNqkNe,25.403283666666667,26.133491933333332,0.038698763933333331
2020-06-10 18:15:00,4135001,HmiyD2TTLFNqkNe,25.183821599999998,24.934887866666667,0.0091324596666666671
2020-06-10 18:30:00,4135001,HmiyD2TTLFNqkNe,25.0308594,24.326002933333331,0.0013383184030266665
2020-06-10 18:45:00,4135001,HmiyD2TTLFNqkNe,24.898394866666667,24.0229962,0
2020-06-10 19:00:00,4135001,HmiyD2TTLFNqkNe,24.796325666666664,23.751652,0
2020-06-10 19:15:00,4135001,HmiyD2TTLFNqkNe,24.6726442,23.437866333333339,0
2020-06-10 19:30:00,4135001,HmiyD2TTLFNqkNe,24.4905418,22.900632733333335,0
2020-06-10 19:45:00,4135001,HmiyD2TTLFNqkNe,24.240319214285712,22.724879500000004,0
2020-06-10 20:00:00,4135001,HmiyD2TTLFNqkNe,23.838995399999998,22.535736066666669,0
2020-06-10 20:15:00,4135001,HmiyD2TTLFNqkNe,23.097306266666667,21.900569666666666,0
2020-06-10 20:30:00,4135001,HmiyD2TTLFNqkNe,22.638631266666664,21.447381533333335,0
2020-06-10 20:45:00,4135001,HmiyD2TTLFNqkNe,22.402168866666667,21.304317066666666,0
2020-06-10 21:00:00,4135001,HmiyD2TTLFNqkNe,22.296842266666669,21.241884333333335,0
2020-06-10 21:15:00,4135001,HmiyD2TTLFNqkNe,22.301875866666666,21.225022333333335,0
2020-06-10 21:30:00,4135001,HmiyD2TTLFNqkNe,22.351090466666665,21.098295066666672,0
2020-06-10 21:45:00,4135001,HmiyD2TTLFNqkNe,22.359759533333332,20.818575066666671,0
2020-06-10 22:00:00,4135001,HmiyD2TTLFNqkNe,22.1506266,20.516988066666666,0
2020-06-10 22:15:00,4135001,HmiyD2TTLFNqkNe,22.001654428571431,20.468538571428571,0
2020-06-10 22:30:00,4135001,HmiyD2TTLFNqkNe,21.997644,20.7359436,0
2020-06-10 22:45:00,4135001,HmiyD2TTLFNqkNe,22.014015666666666,20.856579533333338,0
2020-06-10 23:00:00,4135001,HmiyD2TTLFNqkNe,22.087756466666665,20.8401488,0
2020-06-10 23:15:00,4135001,HmiyD2TTLFNqkNe,22.247857533333335,20.934008733333332,0
2020-06-10 23:30:00,4135001,HmiyD2TTLFNqkNe,22.4090638,21.169836533333331,0
2020-06-10 23:45:00,4135001,HmiyD2TTLFNqkNe,22.643738066666664,21.613045333333336,0
2020-06-11 00:00:00,4135001,HmiyD2TTLFNqkNe,22.739367733333332,21.784452266666666,0
2020-06-11 00:15:00,4135001,HmiyD2TTLFNqkNe,22.770773785714287,21.83486957142857,0
2020-06-11 00:30:00,4135001,HmiyD2TTLFNqkNe,22.346177133333331,21.4652264,0
2020-06-11 00:45:00,4135001,HmiyD2TTLFNqkNe,22.243847666666667,21.324749999999998,0
2020-06-11 01:00:00,4135001,HmiyD2TTLFNqkNe,22.373762999999997,21.368696933333332,0
2020-06-11 01:15:00,4135001,HmiyD2TTLFNqkNe,22.274361200000005,21.019885333333331,0
2020-06-11 01:30:00,4135001,HmiyD2TTLFNqkNe,22.226204399999997,20.8927876,0
2020-06-11 01:45:00,4135001,HmiyD2TTLFNqkNe,22.188857066666667,20.824863733333334,0
2020-06-11 02:00:00,4135001,HmiyD2TTLFNqkNe,22.104992666666668,20.830979533333338,0
2020-06-11 02:15:00,4135001,HmiyD2TTLFNqkNe,22.014145733333336,20.67282113333334,0
2020-06-11 02:30:00,4135001,HmiyD2TTLFNqkNe,21.882257133333333,20.452899066666667,0
2020-06-11 02:45:00,4135001,HmiyD2TTLFNqkNe,21.722754285714284,20.269165,0
2020-06-11 03:00:00,4135001,HmiyD2TTLFNqkNe,21.639461199999996,20.0675924,0
2020-06-11 03:15:00,4135001,HmiyD2TTLFNqkNe,21.511769733333331,19.800008133333336,0
2020-06-11 03:30:00,4135001,HmiyD2TTLFNqkNe,21.408011866666666,19.598836133333332,0
2020-06-11 03:45:00,4135001,HmiyD2TTLFNqkNe,21.252618466666672,19.653346666666668,0
2020-06-11 04:00:00,4135001,HmiyD2TTLFNqkNe,21.170426533333334,19.669116266666666,0
2020-06-11 04:15:00,4135001,HmiyD2TTLFNqkNe,21.137506066666667,19.666155866666664,0
2020-06-11 04:30:00,4135001,HmiyD2TTLFNqkNe,21.11148893333333,19.4949688,0
2020-06-11 04:45:00,4135001,HmiyD2TTLFNqkNe,21.1515158,19.529552999999996,0
2020-06-11 05:00:00,4135001,HmiyD2TTLFNqkNe,21.679722142857145,19.958999571428571,0
2020-06-11 05:15:00,4135001,HmiyD2TTLFNqkNe,21.8479166,20.282653666666665,0
2020-06-11 05:30:00,4135001,HmiyD2TTLFNqkNe,21.764787000000002,20.289379800000006,0
2020-06-11 05:45:00,4135001,HmiyD2TTLFNqkNe,21.841320666666665,20.434340400000004,0
2020-06-11 06:00:00,4135001,HmiyD2TTLFNqkNe,21.80440273333333,20.418131600000002,0.0024945839982000004
2020-06-11 06:15:00,4135001,HmiyD2TTLFNqkNe,21.870749933333329,20.6757548,0.011584833059999999
2020-06-11 06:30:00,4135001,HmiyD2TTLFNqkNe,21.9280518,21.149878,0.024557107333333335
2020-06-11 06:45:00,4135001,HmiyD2TTLFNqkNe,21.8738464,21.782067666666663,0.034970438733333338
2020-06-11 07:00:00,4135001,HmiyD2TTLFNqkNe,22.074057499999995,22.670601928571429,0.051913996285714296
2020-06-11 07:15:00,4135001,HmiyD2TTLFNqkNe,22.155832933333333,23.475118133333336,0.077193334733333341
2020-06-11 07:30:00,4135001,HmiyD2TTLFNqkNe,22.332604933333332,24.388740933333331,0.0940940934
2020-06-11 07:45:00,4135001,HmiyD2TTLFNqkNe,22.53172193333333,25.608616266666665,0.13022814866666668
2020-06-11 08:00:00,4135001,HmiyD2TTLFNqkNe,22.849924866666672,27.304630533333331,0.16889074133333332
2020-06-11 08:15:00,4135001,HmiyD2TTLFNqkNe,23.1288086,28.704862466666665,0.18922551266666665
2020-06-11 08:30:00,4135001,HmiyD2TTLFNqkNe,23.5816488,29.4664654,0.19613671133333335
2020-06-11 08:45:00,4135001,HmiyD2TTLFNqkNe,24.069722533333334,30.364528333333336,0.219947506
2020-06-11 09:00:00,4135001,HmiyD2TTLFNqkNe,24.300362571428568,31.444377285714289,0.24309016928571428
2020-06-11 09:15:00,4135001,HmiyD2TTLFNqkNe,24.295941266666667,32.440757133333335,0.26801253333333336
2020-06-11 09:30:00,4135001,HmiyD2TTLFNqkNe,24.426835199999996,33.253342666666668,0.28654818600000004
2020-06-11 09:45:00,4135001,HmiyD2TTLFNqkNe,24.623516666666664,34.098657333333335,0.30827921
2020-06-11 10:00:00,4135001,HmiyD2TTLFNqkNe,24.805155533333334,34.569065533333337,0.33413474666666676
2020-06-11 10:15:00,4135001,HmiyD2TTLFNqkNe,25.031361933333333,35.71532393333333,0.36649258866666662
2020-06-11 10:30:00,4135001,HmiyD2TTLFNqkNe,25.47613733333333,36.909836866666673,0.37502249133333332
2020-06-11 10:45:00,4135001,HmiyD2TTLFNqkNe,25.753749666666668,36.504443266666676,0.388530498
2020-06-11 11:00:00,4135001,HmiyD2TTLFNqkNe,26.2963116,38.614973866666674,0.48653095800000012
2020-06-11 11:15:00,4135001,HmiyD2TTLFNqkNe,26.492523071428572,40.419203071428569,0.53156571214285719
2020-06-11 11:30:00,4135001,HmiyD2TTLFNqkNe,26.573685733333335,40.655814933333332,0.49601367599999996
2020-06-11 11:45:00,4135001,HmiyD2TTLFNqkNe,26.907450200000007,42.128643733333334,0.56116732999999985
2020-06-11 12:00:00,4135001,HmiyD2TTLFNqkNe,27.160009733333332,43.574774533333326,0.63830581333333336
2020-06-11 12:15:00,4135001,HmiyD2TTLFNqkNe,27.469742800000002,43.468790733333329,0.61404670533333328
2020-06-11 12:30:00,4135001,HmiyD2TTLFNqkNe,27.567753066666665,42.5188598,0.55188089866666667
2020-06-11 12:45:00,4135001,HmiyD2TTLFNqkNe,27.667081733333337,39.6965698,0.38493063800000005
2020-06-11 13:00:00,4135001,HmiyD2TTLFNqkNe,27.793925066666667,40.652254133333329,0.46141372533333336
2020-06-11 13:15:00,4135001,HmiyD2TTLFNqkNe,27.971642642857141,40.744358714285717,0.50248058500000015
2020-06-11 13:30:00,4135001,HmiyD2TTLFNqkNe,28.019702266666666,39.3556314,0.33635127466666664
2020-06-11 13:45:00,4135001,HmiyD2TTLFNqkNe,27.88819186666667,37.721638866666666,0.42946173333333337
2020-06-11 14:00:00,4135001,HmiyD2TTLFNqkNe,28.226855599999997,39.822216533333332,0.463052552
2020-06-11 14:15:00,4135001,HmiyD2TTLFNqkNe,28.652787199999995,42.903427999999991,0.65412210866666665
2020-06-11 14:30:00,4135001,HmiyD2TTLFNqkNe,28.91200753333333,46.4054178,0.702585196
2020-06-11 14:45:00,4135001,HmiyD2TTLFNqkNe,28.541935266666666,42.981264133333333,0.43464338799999996
2020-06-11 15:00:00,4135001,HmiyD2TTLFNqkNe,28.410937533333335,41.019122266666656,0.52435613533333336
2020-06-11 15:15:00,4135001,HmiyD2TTLFNqkNe,28.499876,40.864774533333332,0.43301042733333334
2020-06-11 15:30:00,4135001,HmiyD2TTLFNqkNe,28.5198495,39.834891285714285,0.50476134500000014
2020-06-11 15:45:00,4135001,HmiyD2TTLFNqkNe,28.490726733333336,39.982548133333339,0.42426690866666672
2020-06-11 16:00:00,4135001,HmiyD2TTLFNqkNe,28.066652533333336,37.5957134,0.33538312533333331
2020-06-11 16:15:00,4135001,HmiyD2TTLFNqkNe,27.5691588,35.038138866666664,0.30225497133333329
2020-06-11 16:30:00,4135001,HmiyD2TTLFNqkNe,27.460978266666665,33.563615200000008,0.24539873266666667
2020-06-11 16:45:00,4135001,HmiyD2TTLFNqkNe,27.1531046,30.6198468,0.21414669533333333
2020-06-11 17:00:00,4135001,HmiyD2TTLFNqkNe,26.867895533333328,27.269881133333332,0.163458322
2020-06-11 17:15:00,4135001,HmiyD2TTLFNqkNe,26.575002,28.584523666666666,0.12982091613333335
2020-06-11 17:30:00,4135001,HmiyD2TTLFNqkNe,26.33208213333333,27.7955018,0.097186470200000014
2020-06-11 17:45:00,4135001,HmiyD2TTLFNqkNe,26.070382142857142,26.872966214285718,0.067963825642857134
2020-06-11 18:00:00,4135001,HmiyD2TTLFNqkNe,25.856518466666664,25.910612133333334,0.044322170000000008
2020-06-11 18:15:00,4135001,HmiyD2TTLFNqkNe,25.545349066666663,24.837803066666666,0.0214776268
2020-06-11 18:30:00,4135001,HmiyD2TTLFNqkNe,25.260909000000005,23.9481894,0.0059466362266666671
2020-06-11 18:45:00,4135001,HmiyD2TTLFNqkNe,25.032338466666666,23.325628733333332,5.1610015866666659e-05
2020-06-11 19:00:00,4135001,HmiyD2TTLFNqkNe,24.81229646666667,23.041929266666671,0
2020-06-11 19:15:00,4135001,HmiyD2TTLFNqkNe,24.601367133333333,22.8550334,0
2020-06-11 19:30:00,4135001,HmiyD2TTLFNqkNe,24.368300400000003,22.5817038,0
2020-06-11 19:45:00,4135001,HmiyD2TTLFNqkNe,24.173594857142856,22.561682499999996,0
2020-06-11 20:00:00,4135001,HmiyD2TTLFNqkNe,24.0864298,22.661641533333334,0
2020-06-11 20:15:00,4135001,HmiyD2TTLFNqkNe,24.059523533333333,22.747019333333331,0
2020-06-11 20:30:00,4135001,HmiyD2TTLFNqkNe,24.018544466666665,22.83385,0
2020-06-11 20:45:00,4135001,HmiyD2TTLFNqkNe,23.949184266666663,22.594362466666666,0
2020-06-11 21:00:00,4135001,HmiyD2TTLFNqkNe,23.82512006666667,22.368981933333338,0
2020-06-11 21:15:00,4135001,HmiyD2TTLFNqkNe,23.737613933333332,22.361889533333333,0
2020-06-11 21:30:00,4135001,HmiyD2TTLFNqkNe,23.686230533333333,22.271466200000003,0
2020-06-11 21:45:00,4135001,HmiyD2TTLFNqkNe,23.684969285714285,22.301834000000003,0
2020-06-11 22:00:00,4135001,HmiyD2TTLFNqkNe,23.6376038,22.342547466666669,0
2020-06-11 22:15:00,4135001,HmiyD2TTLFNqkNe,23.571809733333332,22.367293333333333,0
2020-06-11 22:30:00,4135001,HmiyD2TTLFNqkNe,23.489269999999998,22.277284733333335,0
2020-06-11 22:45:00,4135001,HmiyD2TTLFNqkNe,23.419014533333335,22.201027399999997,0
2020-06-11 23:00:00,4135001,HmiyD2TTLFNqkNe,23.328574733333333,21.949690733333334,0
2020-06-11 23:15:00,4135001,HmiyD2TTLFNqkNe,23.195113266666674,21.619791733333333,0
2020-06-11 23:30:00,4135001,HmiyD2TTLFNqkNe,23.027634733333333,21.0713054,0
2020-06-11 23:45:00,4135001,HmiyD2TTLFNqkNe,22.883350857142858,20.635208142857142,0
2020-06-12 00:00:00,4135001,HmiyD2TTLFNqkNe,22.799922733333336,20.528210533333333,0
2020-06-12 00:15:00,4135001,HmiyD2TTLFNqkNe,22.691969866666671,20.668831466666663,0
2020-06-12 00:30:00,4135001,HmiyD2TTLFNqkNe,22.757900000000003,21.138439800000004,0
2020-06-12 00:45:00,4135001,HmiyD2TTLFNqkNe,22.682067866666667,20.969073466666664,0
2020-06-12 01:00:00,4135001,HmiyD2TTLFNqkNe,22.602435133333337,20.8421712,0
2020-06-12 01:15:00,4135001,HmiyD2TTLFNqkNe,22.522731466666666,20.5014038,0
2020-06-12 01:30:00,4135001,HmiyD2TTLFNqkNe,22.480474866666665,20.490388933333332,0
2020-06-12 01:45:00,4135001,HmiyD2TTLFNqkNe,22.407838933333331,20.556685333333338,0
2020-06-12 02:00:00,4135001,HmiyD2TTLFNqkNe,22.360552285714288,20.441979571428572,0
2020-06-12 02:15:00,4135001,HmiyD2TTLFNqkNe,22.220290066666671,19.791581266666668,0
2020-06-12 02:30:00,4135001,HmiyD2TTLFNqkNe,22.049361200000003,19.63535353333333,0
2020-06-12 02:45:00,4135001,HmiyD2TTLFNqkNe,21.818412266666662,19.370876199999998,0
2020-06-12 03:00:00,4135001,HmiyD2TTLFNqkNe,21.680625333333332,19.392333733333334,0
2020-06-12 03:15:00,4135001,HmiyD2TTLFNqkNe,21.799381533333335,20.0586528,0
2020-06-12 03:30:00,4135001,HmiyD2TTLFNqkNe,22.144728733333334,20.548067333333336,0
2020-06-12 03:45:00,4135001,HmiyD2TTLFNqkNe,22.117504666666669,21.455584599999998,0
2020-06-12 04:00:00,4135001,HmiyD2TTLFNqkNe,21.335715733333334,20.444921866666672,0
2020-06-12 04:15:00,4135001,HmiyD2TTLFNqkNe,21.167465214285716,19.544621,0
2020-06-12 04:30:00,4135001,HmiyD2TTLFNqkNe,21.149454666666671,19.437854,0
2020-06-12 04:45:00,4135001,HmiyD2TTLFNqkNe,21.176210533333336,19.930458466666664,0
2020-06-12 05:00:00,4135001,HmiyD2TTLFNqkNe,21.177105733333335,20.062982066666663,0
2020-06-12 05:15:00,4135001,HmiyD2TTLFNqkNe,21.0787292,20.025736533333337,0
2020-06-12 05:30:00,4135001,HmiyD2TTLFNqkNe,20.894081466666666,19.889562933333337,0
2020-06-12 05:45:00,4135001,HmiyD2TTLFNqkNe,20.751308333333331,19.813110266666666,0.00012219148066666672
2020-06-12 06:00:00,4135001,HmiyD2TTLFNqkNe,20.89739573333333,20.124570866666666,0.0033814346733333335
2020-06-12 06:15:00,4135001,HmiyD2TTLFNqkNe,21.11287226666667,20.467968733333333,0.0133244222
2020-06-12 06:30:00,4135001,HmiyD2TTLFNqkNe,21.311593142857141,20.909787928571426,0.025757198785714284
2020-06-12 06:45:00,4135001,HmiyD2TTLFNqkNe,21.494594399999997,21.635152199999997,0.047127944066666663
2020-06-12 07:00:00,4135001,HmiyD2TTLFNqkNe,21.654095599999998,22.649001066666667,0.063095851466666672
2020-06-12 07:15:00,4135001,HmiyD2TTLFNqkNe,21.774928866666663,23.340763133333333,0.071117836266666651
2020-06-12 07:30:00,4135001,HmiyD2TTLFNqkNe,21.926344866666668,23.469942133333333,0.06179668859999999
2020-06-12 07:45:00,4135001,HmiyD2TTLFNqkNe,22.160595666666666,23.656638733333331,0.084014334
2020-06-12 08:00:00,4135001,HmiyD2TTLFNqkNe,22.443727666666664,24.818983933333339,0.11926268606666666
2020-06-12 08:15:00,4135001,HmiyD2TTLFNqkNe,22.824344933333332,26.831990666666666,0.18536136933333333
2020-06-12 08:30:00,4135001,HmiyD2TTLFNqkNe,23.020371599999997,26.054441200000003,0.20822500533333332
2020-06-12 08:45:00,4135001,HmiyD2TTLFNqkNe,23.184509285714288,27.961547642857141,0.27256195857142868
2020-06-12 09:00:00,4135001,HmiyD2TTLFNqkNe,23.590940333333339,31.234486866666668,0.340201678
2020-06-12 09:15:00,4135001,HmiyD2TTLFNqkNe,23.993477333333331,34.579284799999996,0.4067895253333334
2020-06-12 09:30:00,4135001,HmiyD2TTLFNqkNe,24.376883933333332,35.000160733333331,0.35931397
2020-06-12 09:45:00,4135001,HmiyD2TTLFNqkNe,24.682629266666666,35.937264066666671,0.44223911266666671
2020-06-12 10:00:00,4135001,HmiyD2TTLFNqkNe,24.942492866666662,36.7749714,0.39046890266666673
2020-06-12 10:15:00,4135001,HmiyD2TTLFNqkNe,25.262884466666666,37.785949666666667,0.50926205
2020-06-12 10:30:00,4135001,HmiyD2TTLFNqkNe,25.460363866666665,37.385278400000004,0.55917770666666666
2020-06-12 10:45:00,4135001,HmiyD2TTLFNqkNe,25.431754533333333,38.338576133333341,0.44202554933333327
2020-06-12 11:00:00,4135001,HmiyD2TTLFNqkNe,25.35791885714286,35.922585642857143,0.39293804714285718
2020-06-12 11:15:00,4135001,HmiyD2TTLFNqkNe,25.700242133333333,36.994813733333331,0.54025422666666656
2020-06-12 11:30:00,4135001,HmiyD2TTLFNqkNe,25.793863933333334,40.806457533333322,0.6753042113333334
2020-06-12 11:45:00,4135001,HmiyD2TTLFNqkNe,26.294516866666665,43.601482799999992,0.65362093333333338
2020-06-12 12:00:00,4135001,HmiyD2TTLFNqkNe,26.7209514,47.157621066666664,0.72282554133333332
2020-06-12 12:15:00,4135001,HmiyD2TTLFNqkNe,27.061141066666668,45.5239648,0.507273356
2020-06-12 12:30:00,4135001,HmiyD2TTLFNqkNe,27.073685666666666,42.093965533333339,0.48396890733333336
2020-06-12 12:45:00,4135001,HmiyD2TTLFNqkNe,27.122843333333336,40.939668799999993,0.54432038400000016
2020-06-12 13:00:00,4135001,HmiyD2TTLFNqkNe,27.410540933333333,42.2459552,0.563254726
2020-06-12 13:15:00,4135001,HmiyD2TTLFNqkNe,27.474865733333335,42.547816933333337,0.53669721399999992
2020-06-12 13:30:00,4135001,HmiyD2TTLFNqkNe,27.546154666666663,42.227547133333331,0.57645951400000006
2020-06-12 13:45:00,4135001,HmiyD2TTLFNqkNe,28.10111792857143,44.812733142857141,0.66850857357142868
2020-06-12 14:00:00,4135001,HmiyD2TTLFNqkNe,28.347310466666666,45.494661266666661,0.62575963133333345
2020-06-12 14:15:00,4135001,HmiyD2TTLFNqkNe,28.47677,43.133573199999994,0.51804019866666651
2020-06-12 14:30:00,4135001,HmiyD2TTLFNqkNe,28.460528599999996,40.834839066666675,0.44656557333333335
2020-06-12 14:45:00,4135001,HmiyD2TTLFNqkNe,28.428057933333331,39.448327733333329,0.41537750666666662
2020-06-12 15:00:00,4135001,HmiyD2TTLFNqkNe,28.2338074,38.32697326666667,0.39646430466666666
2020-06-12 15:15:00,4135001,HmiyD2TTLFNqkNe,28.035068666666664,36.771075733333333,0.33783093066666664
2020-06-12 15:30:00,4135001,HmiyD2TTLFNqkNe,27.8538696,36.6129212,0.39985395466666662
2020-06-12 15:45:00,4135001,HmiyD2TTLFNqkNe,27.934391200000004,36.663828733333339,0.31184317133333339
2020-06-12 16:00:00,4135001,HmiyD2TTLFNqkNe,27.573211642857146,33.399052142857144,0.19785812071428574
2020-06-12 16:15:00,4135001,HmiyD2TTLFNqkNe,27.3096638,31.487119533333338,0.18303551666666668
2020-06-12 16:30:00,4135001,HmiyD2TTLFNqkNe,27.037646333333331,31.166569066666664,0.18672681800000002
2020-06-12 16:45:00,4135001,HmiyD2TTLFNqkNe,26.854547133333337,30.850948,0.18106155133333335
2020-06-12 17:00:00,4135001,HmiyD2TTLFNqkNe,26.678875799999997,29.970585,0.13574630666666668
2020-06-12 17:15:00,4135001,HmiyD2TTLFNqkNe,26.388924133333333,28.819024733333332,0.12731593566666666
2020-06-12 17:30:00,4135001,HmiyD2TTLFNqkNe,26.441715600000002,28.935205133333334,0.1581062406666667
2020-06-12 17:45:00,4135001,HmiyD2TTLFNqkNe,26.462915066666664,28.923132466666665,0.11592925180000001
2020-06-12 18:00:00,4135001,HmiyD2TTLFNqkNe,26.235536666666665,27.3688028,0.059640183133333344
2020-06-12 18:15:00,4135001,HmiyD2TTLFNqkNe,25.903623533333334,26.053948933333334,0.0264554836
2020-06-12 18:30:00,4135001,HmiyD2TTLFNqkNe,25.559803357142858,24.902234785714278,0.0077439426142857145
2020-06-12 18:45:00,4135001,HmiyD2TTLFNqkNe,25.324770066666666,24.317897533333333,0.00014338709600000002
2020-06-12 19:00:00,4135001,HmiyD2TTLFNqkNe,24.899776066666668,23.766044199999996,0
2020-06-12 19:15:00,4135001,HmiyD2TTLFNqkNe,24.384317933333332,23.152598133333335,0
2020-06-12 19:30:00,4135001,HmiyD2TTLFNqkNe,23.997609533333332,22.363482733333335,0
2020-06-12 19:45:00,4135001,HmiyD2TTLFNqkNe,23.607647666666669,21.816011533333334,0
2020-06-12 20:00:00,4135001,HmiyD2TTLFNqkNe,23.308880600000002,21.7585368,0
2020-06-12 20:15:00,4135001,HmiyD2TTLFNqkNe,23.036924333333332,21.592647466666666,0
2020-06-12 20:30:00,4135001,HmiyD2TTLFNqkNe,22.773077400000005,21.2763896,0
2020-06-12 20:45:00,4135001,HmiyD2TTLFNqkNe,22.748559142857147,21.085510285714289,0
2020-06-12 21:00:00,4135001,HmiyD2TTLFNqkNe,22.716418533333329,21.064766599999995,0
2020-06-12 21:15:00,4135001,HmiyD2TTLFNqkNe,22.585485866666662,21.050307133333334,0
2020-06-12 21:30:00,4135001,HmiyD2TTLFNqkNe,22.537847933333332,20.9415284,0
2020-06-12 21:45:00,4135001,HmiyD2TTLFNqkNe,22.532330333333334,20.917602666666667,0
2020-06-12 22:00:00,4135001,HmiyD2TTLFNqkNe,22.543857733333333,20.942254666666663,0
2020-06-12 22:15:00,4135001,HmiyD2TTLFNqkNe,22.565901533333331,20.975079333333333,0
2020-06-12 22:30:00,4135001,HmiyD2TTLFNqkNe,22.6292034,21.1653016,0
2020-06-12 22:45:00,4135001,HmiyD2TTLFNqkNe,22.599839266666667,21.062392199999998,0
2020-06-12 23:00:00,4135001,HmiyD2TTLFNqkNe,22.504606133333336,20.695808999999997,0
2020-06-12 23:15:00,4135001,HmiyD2TTLFNqkNe,22.398563857142857,20.52727628571429,0
2020-06-12 23:30:00,4135001,HmiyD2TTLFNqkNe,22.145037799999997,19.8951722,0
2020-06-12 23:45:00,4135001,HmiyD2TTLFNqkNe,21.820540333333334,19.3403564,0
2020-06-13 00:00:00,4135001,HmiyD2TTLFNqkNe,21.771612666666666,19.357529733333337,0
2020-06-13 00:15:00,4135001,HmiyD2TTLFNqkNe,21.730045666666669,19.504081266666667,0
2020-06-13 00:30:00,4135001,HmiyD2TTLFNqkNe,21.68706846666667,19.562803199999998,0
2020-06-13 00:45:00,4135001,HmiyD2TTLFNqkNe,21.619232066666662,19.559181866666666,0
2020-06-13 01:00:00,4135001,HmiyD2TTLFNqkNe,21.62596846666667,19.7870584,0
2020-06-13 01:15:00,4135001,HmiyD2TTLFNqkNe,21.609834799999998,19.668430666666666,0
2020-06-13 01:30:00,4135001,HmiyD2TTLFNqkNe,21.693129466666669,19.528464800000005,0
2020-06-13 01:45:00,4135001,HmiyD2TTLFNqkNe,21.824765857142861,19.508193785714283,0
2020-06-13 02:00:00,4135001,HmiyD2TTLFNqkNe,21.894317599999997,19.922452733333337,0
2020-06-13 02:15:00,4135001,HmiyD2TTLFNqkNe,21.809480733333334,19.625474066666669,0
2020-06-13 02:30:00,4135001,HmiyD2TTLFNqkNe,21.824768133333333,19.722699000000002,0
2020-06-13 02:45:00,4135001,HmiyD2TTLFNqkNe,21.762382066666667,19.780515533333332,0
2020-06-13 03:00:00,4135001,HmiyD2TTLFNqkNe,21.801845266666671,19.9007874,0
2020-06-13 03:15:00,4135001,HmiyD2TTLFNqkNe,21.800122066666667,19.8409138,0
2020-06-13 03:30:00,4135001,HmiyD2TTLFNqkNe,21.771885066666666,19.845127266666662,0
2020-06-13 03:45:00,4135001,HmiyD2TTLFNqkNe,21.751633733333335,19.8883016,0
2020-06-13 04:00:00,4135001,HmiyD2TTLFNqkNe,21.695316785714287,19.801740357142858,0
2020-06-13 04:15:00,4135001,HmiyD2TTLFNqkNe,21.687630066666667,19.7502948,0
2020-06-13 04:30:00,4135001,HmiyD2TTLFNqkNe,21.699692799999998,19.726275733333335,0
2020-06-13 04:45:00,4135001,HmiyD2TTLFNqkNe,21.706449333333335,19.613462266666666,0
2020-06-13 05:00:00,4135001,HmiyD2TTLFNqkNe,21.69656973333333,19.487091133333333,0
2020-06-13 05:15:00,4135001,HmiyD2TTLFNqkNe,21.651534,19.364471399999996,0
2020-06-13 05:30:00,4135001,HmiyD2TTLFNqkNe,21.506585666666666,19.002363933333335,0
2020-06-13 05:45:00,4135001,HmiyD2TTLFNqkNe,21.320007266666668,18.526363133333334,0.00015153821766666664
2020-06-13 06:00:00,4135001,HmiyD2TTLFNqkNe,21.285130000000002,18.491779714285713,0.00835661247857143
2020-06-13 06:15:00,4135001,HmiyD2TTLFNqkNe,21.227468000000002,18.728928533333338,0.026603634466666668
2020-06-13 06:30:00,4135001,HmiyD2TTLFNqkNe,21.149609333333334,19.30752746666667,0.043715226600000004
2020-06-13 06:45:00,4135001,HmiyD2TTLFNqkNe,21.4259318,20.3191406,0.0749735576
2020-06-13 07:00:00,4135001,HmiyD2TTLFNqkNe,22.155704666666669,22.733018,0.161645104
2020-06-13 07:15:00,4135001,HmiyD2TTLFNqkNe,22.832635466666666,26.273624666666667,0.22612991799999999
2020-06-13 07:30:00,4135001,HmiyD2TTLFNqkNe,23.55732406666667,29.705493133333331,0.27848515
2020-06-13 07:45:00,4135001,HmiyD2TTLFNqkNe,24.221519,32.6289328,0.34120231066666667
2020-06-13 08:00:00,4135001,HmiyD2TTLFNqkNe,24.7192118,35.471811866666663,0.40434184266666667
2020-06-13 08:15:00,4135001,HmiyD2TTLFNqkNe,25.180082214285711,37.9038915,0.47803369214285713
2020-06-13 08:30:00,4135001,HmiyD2TTLFNqkNe,25.640753066666665,39.915043200000007,0.51389738333333346
2020-06-13 08:45:00,4135001,HmiyD2TTLFNqkNe,26.137734,41.55750153333333,0.52050828800000015
2020-06-13 09:00:00,4135001,HmiyD2TTLFNqkNe,26.325461733333334,43.228462533333328,0.58999084933333334
2020-06-13 09:15:00,4135001,HmiyD2TTLFNqkNe,26.587721799999997,43.06868493333333,0.59804123466666659
2020-06-13 09:30:00,4135001,HmiyD2TTLFNqkNe,26.939325000000004,44.3578572,0.61720841866666676
2020-06-13 09:45:00,4135001,HmiyD2TTLFNqkNe,27.206691533333331,45.463765,0.67063228200000014
2020-06-13 10:00:00,4135001,HmiyD2TTLFNqkNe,27.573553600000004,46.448215666666663,0.61525381333333329
2020-06-13 10:15:00,4135001,HmiyD2TTLFNqkNe,27.727917533333333,45.928647933333338,0.75775996733333351
2020-06-13 10:30:00,4135001,HmiyD2TTLFNqkNe,28.030338733333334,50.452890999999987,0.864056662
2020-06-13 10:45:00,4135001,HmiyD2TTLFNqkNe,28.622085714285713,50.498668000000009,0.74038163928571432
2020-06-13 11:00:00,4135001,HmiyD2TTLFNqkNe,28.605963199999998,49.595242933333331,0.81675285733333325
2020-06-13 11:15:00,4135001,HmiyD2TTLFNqkNe,29.197790533333333,52.588108199999994,0.96226915333333329
2020-06-13 11:30:00,4135001,HmiyD2TTLFNqkNe,29.450119866666672,53.953094466666663,0.85540010733333327
2020-06-13 11:45:00,4135001,HmiyD2TTLFNqkNe,29.604852400000002,54.930332333333332,1.0166871813333331
2020-06-13 12:00:00,4135001,HmiyD2TTLFNqkNe,29.6144756,54.576355133333323,0.95822776866666659
2020-06-13 12:15:00,4135001,HmiyD2TTLFNqkNe,29.873128133333328,53.625722066666668,0.88930222733333331
2020-06-13 12:30:00,4135001,HmiyD2TTLFNqkNe,29.448215866666665,51.5198242,0.88057139333333334
2020-06-13 12:45:00,4135001,HmiyD2TTLFNqkNe,29.577811800000003,51.7647218,0.90684820533333332
2020-06-13 13:00:00,4135001,HmiyD2TTLFNqkNe,30.007157399999997,52.962485799999996,0.725001628
2020-06-13 13:15:00,4135001,HmiyD2TTLFNqkNe,27.568512066666667,40.198333799999993,0.60021718266666679
2020-06-13 13:30:00,4135001,HmiyD2TTLFNqkNe,27.409600500000003,43.261498785714281,0.53723259642857146
2020-06-13 13:45:00,4135001,HmiyD2TTLFNqkNe,26.354994666666666,39.241284199999996,0.597535766
2020-06-13 14:00:00,4135001,HmiyD2TTLFNqkNe,26.667394933333334,44.267293333333335,0.89791472066666678
2020-06-13 14:15:00,4135001,HmiyD2TTLFNqkNe,26.824531933333333,48.231018133333336,0.812712094
2020-06-13 14:30:00,4135001,HmiyD2TTLFNqkNe,26.771419266666662,46.432928266666671,0.62695229333333335
2020-06-13 14:45:00,4135001,HmiyD2TTLFNqkNe,26.828759866666665,46.360011799999995,0.76556516466666658
2020-06-13 15:00:00,4135001,HmiyD2TTLFNqkNe,27.583284533333337,47.94728993333333,0.73371977266666655
2020-06-13 15:15:00,4135001,HmiyD2TTLFNqkNe,28.077185133333334,46.806651066666667,0.74788247066666669
2020-06-13 15:30:00,4135001,HmiyD2TTLFNqkNe,28.1128438,46.23971173333333,0.56699349533333332
2020-06-13 15:45:00,4135001,HmiyD2TTLFNqkNe,27.578905571428574,40.546388785714292,0.40372502642857144
2020-06-13 16:00:00,4135001,HmiyD2TTLFNqkNe,27.662699333333332,40.345415999999993,0.4595029573333333
2020-06-13 16:15:00,4135001,HmiyD2TTLFNqkNe,27.509313866666666,37.922645866666663,0.21991886333333335
2020-06-13 16:30:00,4135001,HmiyD2TTLFNqkNe,26.81922213333333,33.402895400000006,0.25367363266666665
2020-06-13 16:45:00,4135001,HmiyD2TTLFNqkNe,26.540883333333333,32.085792999999995,0.14920183173333335
2020-06-13 17:00:00,4135001,HmiyD2TTLFNqkNe,26.300193266666668,29.8108662,0.11459792266666667
2020-06-13 17:15:00,4135001,HmiyD2TTLFNqkNe,26.036779733333329,29.186376866666667,0.12540853006666666
2020-06-13 17:30:00,4135001,HmiyD2TTLFNqkNe,25.933880733333336,28.44586786666666,0.08887133673333332
2020-06-13 17:45:00,4135001,HmiyD2TTLFNqkNe,25.574387666666663,27.231937733333332,0.0694941764
2020-06-13 18:00:00,4135001,HmiyD2TTLFNqkNe,25.404423357142857,26.382341571428572,0.045962770642857149
2020-06-13 18:15:00,4135001,HmiyD2TTLFNqkNe,25.2186848,25.285259933333332,0.02243680666666667
2020-06-13 18:30:00,4135001,HmiyD2TTLFNqkNe,24.8120402,23.990757333333335,0.0072804718466666658
2020-06-13 18:45:00,4135001,HmiyD2TTLFNqkNe,24.372711266666666,22.6416768,0.00012503675533333332
2020-06-13 19:00:00,4135001,HmiyD2TTLFNqkNe,24.117745,21.8455302,0
2020-06-13 19:15:00,4135001,HmiyD2TTLFNqkNe,24.000767066666665,21.948254400000003,0
2020-06-13 19:30:00,4135001,HmiyD2TTLFNqkNe,23.966170266666673,22.251898266666664,0
2020-06-13 19:45:00,4135001,HmiyD2TTLFNqkNe,23.870741666666667,22.224393733333336,0
2020-06-13 20:00:00,4135001,HmiyD2TTLFNqkNe,23.7636984,21.9795776,0
2020-06-13 20:15:00,4135001,HmiyD2TTLFNqkNe,23.711264571428568,22.215547857142859,0
2020-06-13 20:30:00,4135001,HmiyD2TTLFNqkNe,23.6953736,22.675797466666666,0
2020-06-13 20:45:00,4135001,HmiyD2TTLFNqkNe,23.479001866666664,22.022204600000002,0
2020-06-13 21:00:00,4135001,HmiyD2TTLFNqkNe,23.2034668,21.315063600000002,0
2020-06-13 21:15:00,4135001,HmiyD2TTLFNqkNe,23.050651199999997,21.006146266666665,0
2020-06-13 21:30:00,4135001,HmiyD2TTLFNqkNe,22.873112066666668,20.607017199999998,0
2020-06-13 21:45:00,4135001,HmiyD2TTLFNqkNe,22.8499696,20.565252733333335,0
2020-06-13 22:00:00,4135001,HmiyD2TTLFNqkNe,22.700738533333336,20.306744600000002,0
2020-06-13 22:15:00,4135001,HmiyD2TTLFNqkNe,22.5735414,20.2055216,0
2020-06-13 22:30:00,4135001,HmiyD2TTLFNqkNe,22.449696071428569,20.013902785714283,0
2020-06-13 22:45:00,4135001,HmiyD2TTLFNqkNe,22.265993133333335,19.826631933333339,0
2020-06-13 23:00:00,4135001,HmiyD2TTLFNqkNe,22.2271688,19.828367333333336,0
2020-06-13 23:15:00,4135001,HmiyD2TTLFNqkNe,22.3342062,20.330838933333336,0
2020-06-13 23:30:00,4135001,HmiyD2TTLFNqkNe,22.237394333333331,20.012465333333331,0
2020-06-13 23:45:00,4135001,HmiyD2TTLFNqkNe,22.205029333333336,20.459212133333331,0
2020-06-14 00:00:00,4135001,HmiyD2TTLFNqkNe,22.309425866666672,21.2856466,0
2020-06-14 00:15:00,4135001,HmiyD2TTLFNqkNe,22.283628200000006,20.812499933333331,0
2020-06-14 00:30:00,4135001,HmiyD2TTLFNqkNe,22.417260733333332,20.8414306,0
2020-06-14 00:45:00,4135001,HmiyD2TTLFNqkNe,22.447642785714287,20.779179071428569,0
2020-06-14 01:00:00,4135001,HmiyD2TTLFNqkNe,22.3396992,20.416589466666668,0
2020-06-14 01:15:00,4135001,HmiyD2TTLFNqkNe,22.3263162,20.457059733333335,0
2020-06-14 01:30:00,4135001,HmiyD2TTLFNqkNe,22.5932068,21.257598866666669,0
2020-06-14 01:45:00,4135001,HmiyD2TTLFNqkNe,22.831146266666664,21.715635266666666,0
2020-06-14 02:00:00,4135001,HmiyD2TTLFNqkNe,22.801694666666663,21.8035766,0
2020-06-14 02:15:00,4135001,HmiyD2TTLFNqkNe,22.661507133333334,21.765783666666668,0
2020-06-14 02:30:00,4135001,HmiyD2TTLFNqkNe,22.49683426666666,21.054260400000004,0
2020-06-14 02:45:00,4135001,HmiyD2TTLFNqkNe,22.413197866666668,20.7593812,0
2020-06-14 03:00:00,4135001,HmiyD2TTLFNqkNe,22.301548357142856,20.912530071428574,0
2020-06-14 03:15:00,4135001,HmiyD2TTLFNqkNe,22.193670666666666,20.3701516,0
2020-06-14 03:30:00,4135001,HmiyD2TTLFNqkNe,22.176133200000002,20.177673333333335,0
2020-06-14 03:45:00,4135001,HmiyD2TTLFNqkNe,22.184255066666665,20.324055933333334,0
2020-06-14 04:00:00,4135001,HmiyD2TTLFNqkNe,22.235868333333336,20.6231182,0
2020-06-14 04:15:00,4135001,HmiyD2TTLFNqkNe,22.29215506666667,20.591811133333334,0
2020-06-14 04:30:00,4135001,HmiyD2TTLFNqkNe,22.254294866666669,20.381935666666667,0
2020-06-14 04:45:00,4135001,HmiyD2TTLFNqkNe,22.1893432,20.356459600000004,0
2020-06-14 05:00:00,4135001,HmiyD2TTLFNqkNe,22.299798399999997,20.906852200000003,0
2020-06-14 05:15:00,4135001,HmiyD2TTLFNqkNe,22.439387714285711,21.318453142857145,0
2020-06-14 05:30:00,4135001,HmiyD2TTLFNqkNe,22.441363466666665,21.168267866666667,0
2020-06-14 05:45:00,4135001,HmiyD2TTLFNqkNe,22.522914733333334,21.450738666666666,0.00050789387266666672
2020-06-14 06:00:00,4135001,HmiyD2TTLFNqkNe,22.556378266666663,21.597654199999997,0.0071151917066666669
2020-06-14 06:15:00,4135001,HmiyD2TTLFNqkNe,22.568170266666669,21.94776,0.024171928666666665
2020-06-14 06:30:00,4135001,HmiyD2TTLFNqkNe,22.65616866666667,22.658846066666662,0.048766914200000004
2020-06-14 06:45:00,4135001,HmiyD2TTLFNqkNe,22.915026866666665,23.985638533333329,0.077026814066666671
2020-06-14 07:00:00,4135001,HmiyD2TTLFNqkNe,23.208211133333336,25.604065133333332,0.14718228673333336
2020-06-14 07:15:00,4135001,HmiyD2TTLFNqkNe,23.6073304,28.074818866666668,0.22552174466666669
2020-06-14 07:30:00,4135001,HmiyD2TTLFNqkNe,23.587080999999998,28.035892599999997,0.21963928866666665
2020-06-14 07:45:00,4135001,HmiyD2TTLFNqkNe,23.753483285714289,30.263634785714284,0.30722391714285713
2020-06-14 08:00:00,4135001,HmiyD2TTLFNqkNe,23.909547933333332,31.63181366666667,0.29806506400000005
2020-06-14 08:15:00,4135001,HmiyD2TTLFNqkNe,23.763501066666667,28.384606933333338,0.24473785333333331
2020-06-14 08:30:00,4135001,HmiyD2TTLFNqkNe,23.901831357142861,29.702830928571426,0.33535476928571423
2020-06-14 08:45:00,4135001,HmiyD2TTLFNqkNe,24.130067933333336,33.0580506,0.38197023866666668
2020-06-14 09:00:00,4135001,HmiyD2TTLFNqkNe,24.523459933333335,35.5528282,0.42783431733333332
2020-06-14 09:15:00,4135001,HmiyD2TTLFNqkNe,25.093788666666665,38.5421514,0.56643245666666664
2020-06-14 09:30:00,4135001,HmiyD2TTLFNqkNe,25.808286599999995,41.248472066666658,0.55740839266666653
2020-06-14 09:45:00,4135001,HmiyD2TTLFNqkNe,26.1179402,42.4683164,0.57228724733333347
2020-06-14 10:00:00,4135001,HmiyD2TTLFNqkNe,26.354372285714287,43.275179142857148,0.58563568214285722
2020-06-14 10:15:00,4135001,HmiyD2TTLFNqkNe,26.095530133333334,40.983231733333326,0.52892362266666659
2020-06-14 10:30:00,4135001,HmiyD2TTLFNqkNe,26.360058466666668,38.927488399999994,0.71952522266666674
2020-06-14 10:45:00,4135001,HmiyD2TTLFNqkNe,26.533363733333331,42.528473,0.83304509466666665
2020-06-14 11:00:00,4135001,HmiyD2TTLFNqkNe,27.081068733333339,47.275213466666663,0.64066132333333325
2020-06-14 11:15:00,4135001,HmiyD2TTLFNqkNe,26.948706133333332,43.949263866666669,0.65021356733333324
2020-06-14 11:30:00,4135001,HmiyD2TTLFNqkNe,26.8470704,46.031457533333338,0.66215237066666666
2020-06-14 11:45:00,4135001,HmiyD2TTLFNqkNe,25.92304106666667,38.486489133333336,0.42623457266666664
2020-06-14 12:00:00,4135001,HmiyD2TTLFNqkNe,25.218285714285713,37.815924714285721,0.49202359714285715
2020-06-14 12:15:00,4135001,HmiyD2TTLFNqkNe,24.932560133333332,36.6068582,0.47276466799999994
2020-06-14 12:30:00,4135001,HmiyD2TTLFNqkNe,24.945296133333336,35.614831333333328,0.454945416
2020-06-14 12:45:00,4135001,HmiyD2TTLFNqkNe,25.431060866666662,37.157000866666671,0.51926884400000006
2020-06-14 13:00:00,4135001,HmiyD2TTLFNqkNe,25.379935666666668,34.780682333333338,0.57618033933333335
2020-06-14 13:15:00,4135001,HmiyD2TTLFNqkNe,25.898872933333333,42.364294333333333,0.7343688020000001
2020-06-14 13:30:00,4135001,HmiyD2TTLFNqkNe,26.630187799999998,45.965584199999995,0.72776351333333333
2020-06-14 13:45:00,4135001,HmiyD2TTLFNqkNe,27.048903533333334,47.9602314,0.90661490066666672
2020-06-14 14:00:00,4135001,HmiyD2TTLFNqkNe,27.848915600000005,59.386079333333335,1.2216518466666668
2020-06-14 14:15:00,4135001,HmiyD2TTLFNqkNe,28.22232285714286,58.596646928571431,0.91048926000000008
2020-06-14 14:30:00,4135001,HmiyD2TTLFNqkNe,27.5785664,49.444277133333344,0.56391845466666668
2020-06-14 14:45:00,4135001,HmiyD2TTLFNqkNe,27.1061442,42.902848333333331,0.44979339866666668
2020-06-14 15:00:00,4135001,HmiyD2TTLFNqkNe,26.949993866666667,41.824875933333331,0.58693896266666667
2020-06-14 15:15:00,4135001,HmiyD2TTLFNqkNe,27.40871386666667,47.941766400000006,0.70947951866666659
2020-06-14 15:30:00,4135001,HmiyD2TTLFNqkNe,27.449349066666663,43.662504399999996,0.46026108266666665
2020-06-14 15:45:00,4135001,HmiyD2TTLFNqkNe,27.087241533333334,38.895047866666673,0.40822711933333333
2020-06-14 16:00:00,4135001,HmiyD2TTLFNqkNe,27.052207533333334,38.234853066666666,0.4008640346666667
2020-06-14 16:15:00,4135001,HmiyD2TTLFNqkNe,26.809796066666664,35.90520226666667,0.28536231933333339
2020-06-14 16:30:00,4135001,HmiyD2TTLFNqkNe,26.423555642857146,32.757710357142855,0.19922585714285715
2020-06-14 16:45:00,4135001,HmiyD2TTLFNqkNe,26.034222399999997,30.358787133333337,0.1544666584
2020-06-14 17:00:00,4135001,HmiyD2TTLFNqkNe,25.98669446666667,29.146844466666664,0.12359328313333334
2020-06-14 17:15:00,4135001,HmiyD2TTLFNqkNe,25.845591266666663,28.653328399999996,0.1121953106
2020-06-14 17:30:00,4135001,HmiyD2TTLFNqkNe,25.670117199999996,27.996036799999995,0.071277712333333326
2020-06-14 17:45:00,4135001,HmiyD2TTLFNqkNe,25.536855066666668,26.634041333333329,0.0428979898
2020-06-14 18:00:00,4135001,HmiyD2TTLFNqkNe,25.3053914,25.303088466666669,0.029767132333333335
2020-06-14 18:15:00,4135001,HmiyD2TTLFNqkNe,25.136102400000002,24.723272799999997,0.019033676000000003
2020-06-14 18:30:00,4135001,HmiyD2TTLFNqkNe,25.052579666666666,24.514713333333333,0.00675433608
2020-06-14 18:45:00,4135001,HmiyD2TTLFNqkNe,24.892543142857139,24.072802000000003,0.000455513202
2020-06-14 19:00:00,4135001,HmiyD2TTLFNqkNe,24.703763866666666,23.564217066666668,0
2020-06-14 19:15:00,4135001,HmiyD2TTLFNqkNe,24.542982866666669,23.092030733333331,0
2020-06-14 19:30:00,4135001,HmiyD2TTLFNqkNe,24.398594266666667,22.771372466666666,0
2020-06-14 19:45:00,4135001,HmiyD2TTLFNqkNe,24.249108933333332,22.757745466666666,0
2020-06-14 20:00:00,4135001,HmiyD2TTLFNqkNe,24.075109866666669,22.661867266666661,0
2020-06-14 20:15:00,4135001,HmiyD2TTLFNqkNe,23.94650073333333,22.531148466666668,0
2020-06-14 20:30:00,4135001,HmiyD2TTLFNqkNe,23.862007733333328,22.4192994,0
2020-06-14 20:45:00,4135001,HmiyD2TTLFNqkNe,23.8368284,22.6065692,0
2020-06-14 21:00:00,4135001,HmiyD2TTLFNqkNe,23.873171214285716,23.111526499999997,0
2020-06-14 21:15:00,4135001,HmiyD2TTLFNqkNe,23.92025353333333,23.285941533333336,0
2020-06-14 21:30:00,4135001,HmiyD2TTLFNqkNe,23.862890533333335,22.984142933333331,0
2020-06-14 21:45:00,4135001,HmiyD2TTLFNqkNe,23.777291,22.352205466666671,0
2020-06-14 22:00:00,4135001,HmiyD2TTLFNqkNe,23.65113126666667,21.9989258,0
2020-06-14 22:15:00,4135001,HmiyD2TTLFNqkNe,23.649532,22.445428333333332,0
2020-06-14 22:30:00,4135001,HmiyD2TTLFNqkNe,23.607413666666666,21.990108266666663,0
2020-06-14 22:45:00,4135001,HmiyD2TTLFNqkNe,23.522460866666666,21.420633933333331,0
2020-06-14 23:00:00,4135001,HmiyD2TTLFNqkNe,23.3865622,21.151995866666667,0
2020-06-14 23:15:00,4135001,HmiyD2TTLFNqkNe,23.331081066666666,21.470424599999998,0
2020-06-14 23:30:00,4135001,HmiyD2TTLFNqkNe,23.444952714285716,22.455490071428571,0
2020-06-14 23:45:00,4135001,HmiyD2TTLFNqkNe,23.418153933333333,22.447845466666667,0
2020-06-15 00:00:00,4135001,HmiyD2TTLFNqkNe,23.369126333333337,22.693621866666668,0
2020-06-15 00:15:00,4135001,HmiyD2TTLFNqkNe,23.190211866666669,22.545045933333331,0
2020-06-15 00:30:00,4135001,HmiyD2TTLFNqkNe,23.111739066666665,22.314375933333331,0
2020-06-15 00:45:00,4135001,HmiyD2TTLFNqkNe,23.0380188,22.110986266666668,0
2020-06-15 01:00:00,4135001,HmiyD2TTLFNqkNe,23.0133788,22.293188466666667,0
2020-06-15 01:15:00,4135001,HmiyD2TTLFNqkNe,23.006721933333331,22.433048466666669,0
2020-06-15 01:30:00,4135001,HmiyD2TTLFNqkNe,22.5523254,21.520019599999998,0
2020-06-15 01:45:00,4135001,HmiyD2TTLFNqkNe,22.161108785714287,21.202298785714291,0
2020-06-15 02:00:00,4135001,HmiyD2TTLFNqkNe,22.0657084,21.1699198,0
2020-06-15 02:15:00,4135001,HmiyD2TTLFNqkNe,22.051059866666666,20.977667333333336,0
2020-06-15 02:30:00,4135001,HmiyD2TTLFNqkNe,22.064056266666665,20.769443866666666,0
2020-06-15 02:45:00,4135001,HmiyD2TTLFNqkNe,22.1327738,20.88665566666667,0
2020-06-15 03:00:00,4135001,HmiyD2TTLFNqkNe,22.138987400000005,20.774737666666667,0
2020-06-15 03:15:00,4135001,HmiyD2TTLFNqkNe,22.1016358,21.0114828,0
2020-06-15 03:30:00,4135001,HmiyD2TTLFNqkNe,22.132979333333338,21.463275133333337,0
2020-06-15 03:45:00,4135001,HmiyD2TTLFNqkNe,22.184287,21.606781142857145,0
2020-06-15 04:00:00,4135001,HmiyD2TTLFNqkNe,22.168747933333332,21.5196512,0
2020-06-15 04:15:00,4135001,HmiyD2TTLFNqkNe,21.67616773333333,20.805542066666668,0
2020-06-15 04:30:00,4135001,HmiyD2TTLFNqkNe,21.5948508,20.4898396,0
2020-06-15 04:45:00,4135001,HmiyD2TTLFNqkNe,21.571325799999997,20.214919066666663,0
2020-06-15 05:00:00,4135001,HmiyD2TTLFNqkNe,21.50873626666667,20.086159133333329,0
2020-06-15 05:15:00,4135001,HmiyD2TTLFNqkNe,21.424306066666666,19.861635466666666,0
2020-06-15 05:30:00,4135001,HmiyD2TTLFNqkNe,21.4322062,19.826896066666663,0
2020-06-15 05:45:00,4135001,HmiyD2TTLFNqkNe,21.464038199999997,20.121872999999997,0.0005523642353333334
2020-06-15 06:00:00,4135001,HmiyD2TTLFNqkNe,21.530033333333332,20.394429466666665,0.0096864394666666669
2020-06-15 06:15:00,4135001,HmiyD2TTLFNqkNe,21.658165928571432,20.840604357142858,0.033310349285714282
2020-06-15 06:30:00,4135001,HmiyD2TTLFNqkNe,21.957159333333333,22.195896266666672,0.067908889
2020-06-15 06:45:00,4135001,HmiyD2TTLFNqkNe,22.312394333333334,24.034580466666668,0.10270401466666666
2020-06-15 07:00:00,4135001,HmiyD2TTLFNqkNe,22.742930066666666,25.804111733333336,0.15573429133333333
2020-06-15 07:15:00,4135001,HmiyD2TTLFNqkNe,23.271852533333334,27.688370800000005,0.16022914693333334
2020-06-15 07:30:00,4135001,HmiyD2TTLFNqkNe,23.458431066666666,27.546588133333334,0.1333380648
2020-06-15 07:45:00,4135001,HmiyD2TTLFNqkNe,23.836869333333329,29.875187266666671,0.26420326933333332
2020-06-15 08:00:00,4135001,HmiyD2TTLFNqkNe,24.477518733333334,35.344336133333343,0.45869290533333335
2020-06-15 08:15:00,4135001,HmiyD2TTLFNqkNe,25.257212400000004,40.661761333333331,0.53635766933333318
2020-06-15 08:30:00,4135001,HmiyD2TTLFNqkNe,25.926862571428568,42.59452828571429,0.57855610214285713
2020-06-15 08:45:00,4135001,HmiyD2TTLFNqkNe,26.066546666666667,42.4321838,0.53427882133333338
2020-06-15 09:00:00,4135001,HmiyD2TTLFNqkNe,26.192445933333332,42.294818266666667,0.57293720466666676
2020-06-15 09:15:00,4135001,HmiyD2TTLFNqkNe,26.407253066666669,44.0128702,0.66345035666666674
2020-06-15 09:30:00,4135001,HmiyD2TTLFNqkNe,26.3895486,43.27049353333333,0.64285131066666679
2020-06-15 09:45:00,4135001,HmiyD2TTLFNqkNe,26.806180866666669,44.946301133333328,0.644579368
2020-06-15 10:00:00,4135001,HmiyD2TTLFNqkNe,26.95370706666667,43.85072413333333,0.61713090933333337
2020-06-15 10:15:00,4135001,HmiyD2TTLFNqkNe,27.5598856,48.580128733333332,0.888736286
2020-06-15 10:30:00,4135001,HmiyD2TTLFNqkNe,28.050286933333332,50.1047016,0.6801742386666666
2020-06-15 10:45:00,4135001,HmiyD2TTLFNqkNe,27.778298642857145,46.05228092857142,0.86084485928571441
2020-06-15 11:00:00,4135001,HmiyD2TTLFNqkNe,28.7853558,50.651499466666664,0.702748034
2020-06-15 11:15:00,4135001,HmiyD2TTLFNqkNe,28.371838400000005,46.346891266666667,0.57361666466666661
2020-06-15 11:30:00,4135001,HmiyD2TTLFNqkNe,28.375455666666667,45.724137266666673,0.63708872933333349
2020-06-15 11:45:00,4135001,HmiyD2TTLFNqkNe,28.399790533333334,44.479077333333329,0.664057878
2020-06-15 12:00:00,4135001,HmiyD2TTLFNqkNe,28.601291866666667,44.703940933333335,0.74448167666666665
2020-06-15 12:15:00,4135001,HmiyD2TTLFNqkNe,28.851655933333333,44.184163399999996,0.43279730000000005
2020-06-15 12:30:00,4135001,HmiyD2TTLFNqkNe,28.54629326666667,39.752722466666661,0.39019065733333336
2020-06-15 12:45:00,4135001,HmiyD2TTLFNqkNe,28.772625799999997,41.346218000000007,0.45525123266666667
2020-06-15 13:00:00,4135001,HmiyD2TTLFNqkNe,29.030715928571428,45.404338142857142,0.73240803785714292
2020-06-15 13:15:00,4135001,HmiyD2TTLFNqkNe,29.107385266666668,45.503061933333335,0.42740474000000006
2020-06-15 13:30:00,4135001,HmiyD2TTLFNqkNe,28.417808066666666,39.037416533333321,0.24539213866666668
2020-06-15 13:45:00,4135001,HmiyD2TTLFNqkNe,27.856903133333333,34.7539672,0.22609444666666667
2020-06-15 14:00:00,4135001,HmiyD2TTLFNqkNe,27.197220866666672,33.998970666666665,0.26904304466666668
2020-06-15 14:15:00,4135001,HmiyD2TTLFNqkNe,26.7497132,34.741348933333327,0.42319578800000007
2020-06-15 14:30:00,4135001,HmiyD2TTLFNqkNe,27.611472733333333,43.567783333333338,0.652056834
2020-06-15 14:45:00,4135001,HmiyD2TTLFNqkNe,27.82892866666667,43.3427838,0.47727661933333337
2020-06-15 15:00:00,4135001,HmiyD2TTLFNqkNe,27.934055666666669,41.364912666666669,0.42331452466666669
2020-06-15 15:15:00,4135001,HmiyD2TTLFNqkNe,28.178857466666667,40.87684526666667,0.45119372866666668
2020-06-15 15:30:00,4135001,HmiyD2TTLFNqkNe,27.898435285714282,38.410527071428575,0.38221171214285721
2020-06-15 15:45:00,4135001,HmiyD2TTLFNqkNe,28.1680522,40.315515133333342,0.45029230733333342
2020-06-15 16:00:00,4135001,HmiyD2TTLFNqkNe,27.743865933333336,34.530938533333334,0.12516910666666667
2020-06-15 16:15:00,4135001,HmiyD2TTLFNqkNe,27.327506466666669,31.594337933333335,0.16290563666666666
2020-06-15 16:30:00,4135001,HmiyD2TTLFNqkNe,27.347412133333329,33.079972466666668,0.238490188
2020-06-15 16:45:00,4135001,HmiyD2TTLFNqkNe,27.169899533333332,33.850056999999993,0.2764912
2020-06-15 17:00:00,4135001,HmiyD2TTLFNqkNe,27.252042466666669,33.650572000000004,0.193777918
2020-06-15 17:15:00,4135001,HmiyD2TTLFNqkNe,26.965932199999997,31.59396966666667,0.15657107933333334
2020-06-15 17:30:00,4135001,HmiyD2TTLFNqkNe,26.744736800000002,29.8884196,0.10169165279999999
2020-06-15 17:45:00,4135001,HmiyD2TTLFNqkNe,26.740639133333332,29.0264568,0.0859623972
2020-06-15 18:00:00,4135001,HmiyD2TTLFNqkNe,26.430651071428571,27.618528142857144,0.0388465545
2020-06-15 18:15:00,4135001,HmiyD2TTLFNqkNe,26.3341512,26.652691599999997,0.018262179333333337
2020-06-15 18:30:00,4135001,HmiyD2TTLFNqkNe,26.050742666666668,25.9055684,0.0040517676866666658
2020-06-15 18:45:00,4135001,HmiyD2TTLFNqkNe,25.355202266666669,25.034010666666664,0.00019300379333333335
2020-06-15 19:00:00,4135001,HmiyD2TTLFNqkNe,23.2409404,21.9908934,2.0070272266666667e-05
2020-06-15 19:15:00,4135001,HmiyD2TTLFNqkNe,22.767838466666667,21.174566666666667,0
2020-06-15 19:30:00,4135001,HmiyD2TTLFNqkNe,22.987856066666662,21.769948199999998,0
2020-06-15 19:45:00,4135001,HmiyD2TTLFNqkNe,23.20111713333333,22.1287008,0
2020-06-15 20:00:00,4135001,HmiyD2TTLFNqkNe,23.376306200000002,22.4887248,0
2020-06-15 20:15:00,4135001,HmiyD2TTLFNqkNe,23.397517642857146,22.452874214285714,0
2020-06-15 20:30:00,4135001,HmiyD2TTLFNqkNe,23.379569466666666,22.127677533333337,0
2020-06-15 20:45:00,4135001,HmiyD2TTLFNqkNe,23.297440666666667,21.768933133333338,0
2020-06-15 21:00:00,4135001,HmiyD2TTLFNqkNe,23.154587599999996,21.370139466666664,0
2020-06-15 21:15:00,4135001,HmiyD2TTLFNqkNe,23.025012266666664,21.098044733333332,0
2020-06-15 21:30:00,4135001,HmiyD2TTLFNqkNe,23.001788133333335,21.152862666666667,0
2020-06-15 21:45:00,4135001,HmiyD2TTLFNqkNe,22.969417266666667,21.071634933333332,0
2020-06-15 22:00:00,4135001,HmiyD2TTLFNqkNe,22.975063066666667,21.0493896,0
2020-06-15 22:15:00,4135001,HmiyD2TTLFNqkNe,23.139294333333332,21.802388333333337,0
2020-06-15 22:30:00,4135001,HmiyD2TTLFNqkNe,23.4763204,22.651540133333331,0
2020-06-15 22:45:00,4135001,HmiyD2TTLFNqkNe,23.612832214285717,22.879322642857144,0
2020-06-15 23:00:00,4135001,HmiyD2TTLFNqkNe,23.618847800000005,22.867519133333335,0
2020-06-15 23:15:00,4135001,HmiyD2TTLFNqkNe,23.602976466666668,22.941127400000003,0
2020-06-15 23:30:00,4135001,HmiyD2TTLFNqkNe,23.631050666666667,23.077227733333331,0
2020-06-15 23:45:00,4135001,HmiyD2TTLFNqkNe,23.641210800000003,23.051285800000006,0
2020-06-16 00:00:00,4135001,HmiyD2TTLFNqkNe,23.103045599999998,22.078888133333333,0
2020-06-16 00:15:00,4135001,HmiyD2TTLFNqkNe,22.853855133333333,21.676985733333332,0
2020-06-16 00:30:00,4135001,HmiyD2TTLFNqkNe,22.7012818,21.311032800000003,0
2020-06-16 00:45:00,4135001,HmiyD2TTLFNqkNe,22.620440733333336,20.884556066666665,0
2020-06-16 01:00:00,4135001,HmiyD2TTLFNqkNe,22.585764533333336,20.6971374,0
2020-06-16 01:15:00,4135001,HmiyD2TTLFNqkNe,22.654924857142859,20.882271999999997,0
2020-06-16 01:30:00,4135001,HmiyD2TTLFNqkNe,22.739894666666665,21.476552466666668,0
2020-06-16 01:45:00,4135001,HmiyD2TTLFNqkNe,22.727596000000002,21.583762466666666,0
2020-06-16 02:00:00,4135001,HmiyD2TTLFNqkNe,22.659651800000002,21.5838462,0
2020-06-16 02:15:00,4135001,HmiyD2TTLFNqkNe,22.60989986666667,21.7492634,0
2020-06-16 02:30:00,4135001,HmiyD2TTLFNqkNe,22.581123733333335,21.858671,0
2020-06-16 02:45:00,4135001,HmiyD2TTLFNqkNe,22.547627866666662,21.670951266666666,0
2020-06-16 03:00:00,4135001,HmiyD2TTLFNqkNe,22.499713000000003,21.391532466666668,0
2020-06-16 03:15:00,4135001,HmiyD2TTLFNqkNe,22.458070800000005,21.181779,0
2020-06-16 03:30:00,4135001,HmiyD2TTLFNqkNe,22.399773714285715,20.989717642857144,0
2020-06-16 03:45:00,4135001,HmiyD2TTLFNqkNe,22.4348244,21.061802200000002,0
2020-06-16 04:00:00,4135001,HmiyD2TTLFNqkNe,22.5443968,21.4435628,0
2020-06-16 04:15:00,4135001,HmiyD2TTLFNqkNe,22.5694072,21.518406266666666,0
2020-06-16 04:30:00,4135001,HmiyD2TTLFNqkNe,22.590698266666667,21.7528688,0
2020-06-16 04:45:00,4135001,HmiyD2TTLFNqkNe,22.652595733333332,22.0547526,0
2020-06-16 05:00:00,4135001,HmiyD2TTLFNqkNe,22.692254533333333,22.127937733333336,0
2020-06-16 05:15:00,4135001,HmiyD2TTLFNqkNe,22.6955222,21.929762933333333,0
2020-06-16 05:30:00,4135001,HmiyD2TTLFNqkNe,22.571179266666665,21.587780733333336,0
2020-06-16 05:45:00,4135001,HmiyD2TTLFNqkNe,22.452933666666667,21.470743933333335,4.4904116199999996e-05
2020-06-16 06:00:00,4135001,HmiyD2TTLFNqkNe,22.494378142857144,21.69032292857143,0.0038518797750000003
2020-06-16 06:15:00,4135001,HmiyD2TTLFNqkNe,22.654567466666666,22.051212533333334,0.014183821333333332
2020-06-16 06:30:00,4135001,HmiyD2TTLFNqkNe,22.7384398,22.450227733333335,0.046841308466666669
2020-06-16 06:45:00,4135001,HmiyD2TTLFNqkNe,22.961183666666667,23.921439533333331,0.070611812133333327
2020-06-16 07:00:00,4135001,HmiyD2TTLFNqkNe,23.138751200000005,24.801971466666664,0.10172610719999998
2020-06-16 07:15:00,4135001,HmiyD2TTLFNqkNe,23.254846133333334,25.770912666666668,0.167161456
2020-06-16 07:30:00,4135001,HmiyD2TTLFNqkNe,23.595815066666667,28.376147533333331,0.20639062800000005
2020-06-16 07:45:00,4135001,HmiyD2TTLFNqkNe,23.800502533333333,29.756976333333334,0.25826708133333337
2020-06-16 08:00:00,4135001,HmiyD2TTLFNqkNe,24.273189266666666,32.9937198,0.353673456
2020-06-16 08:15:00,4135001,HmiyD2TTLFNqkNe,24.568143428571428,34.327527785714288,0.32255192
2020-06-16 08:30:00,4135001,HmiyD2TTLFNqkNe,24.833713600000003,34.944577999999993,0.40227630200000003
2020-06-16 08:45:00,4135001,HmiyD2TTLFNqkNe,25.266322866666666,37.486216066666671,0.4147560933333333
2020-06-16 09:00:00,4135001,HmiyD2TTLFNqkNe,25.405088333333332,37.028379066666666,0.410816618
2020-06-16 09:15:00,4135001,HmiyD2TTLFNqkNe,25.761779733333334,38.08438906666666,0.46019857000000003
2020-06-16 09:30:00,4135001,HmiyD2TTLFNqkNe,26.016273933333331,39.71077913333334,0.55214711466666677
2020-06-16 09:45:00,4135001,HmiyD2TTLFNqkNe,26.3412638,42.884138933333332,0.63615115
2020-06-16 10:00:00,4135001,HmiyD2TTLFNqkNe,26.7102622,46.827693800000006,0.82897931133333347
2020-06-16 10:15:00,4135001,HmiyD2TTLFNqkNe,27.3343506,49.562794999999994,0.72042487199999994
2020-06-16 10:30:00,4135001,HmiyD2TTLFNqkNe,27.420233714285711,47.050576142857146,0.59090238071428569
2020-06-16 10:45:00,4135001,HmiyD2TTLFNqkNe,27.318863800000003,45.9083192,0.67525278599999994
2020-06-16 11:00:00,4135001,HmiyD2TTLFNqkNe,27.994940266666667,53.250809866666671,0.91828522266666657
2020-06-16 11:15:00,4135001,HmiyD2TTLFNqkNe,27.928853400000005,48.673734466666659,0.59869468066666665
2020-06-16 11:30:00,4135001,HmiyD2TTLFNqkNe,27.818320733333337,43.250374533333336,0.42076710399999995
2020-06-16 11:45:00,4135001,HmiyD2TTLFNqkNe,28.167818333333337,44.0384016,0.5218388100000001
2020-06-16 12:00:00,4135001,HmiyD2TTLFNqkNe,27.874310399999995,38.484759333333329,0.22224560333333335
2020-06-16 12:15:00,4135001,HmiyD2TTLFNqkNe,27.3941652,37.038040933333335,0.429468928
2020-06-16 12:30:00,4135001,HmiyD2TTLFNqkNe,27.964037071428567,45.408554142857149,0.48339983999999997
2020-06-16 12:45:00,4135001,HmiyD2TTLFNqkNe,28.300278733333332,46.044124399999994,0.50288266466666665
2020-06-16 13:00:00,4135001,HmiyD2TTLFNqkNe,27.9916526,41.8464274,0.31941806600000006
2020-06-16 13:15:00,4135001,HmiyD2TTLFNqkNe,27.832635533333331,41.047792600000008,0.50327273666666672
2020-06-16 13:30:00,4135001,HmiyD2TTLFNqkNe,28.401005133333335,45.513633466666661,0.58228915466666675
2020-06-16 13:45:00,4135001,HmiyD2TTLFNqkNe,28.501969199999998,41.449481199999994,0.40941280933333335
2020-06-16 14:00:00,4135001,HmiyD2TTLFNqkNe,28.79405306666667,43.013576066666673,0.43002274200000007
2020-06-16 14:15:00,4135001,HmiyD2TTLFNqkNe,28.307661933333335,38.786185733333333,0.3048436553333333
2020-06-16 14:30:00,4135001,HmiyD2TTLFNqkNe,28.722965399999996,43.409391266666667,0.71814651333333346
2020-06-16 14:45:00,4135001,HmiyD2TTLFNqkNe,29.282915285714285,47.940102857142847,0.52576351714285718
2020-06-16 15:00:00,4135001,HmiyD2TTLFNqkNe,28.405712933333334,39.4493672,0.28224519866666664
2020-06-16 15:15:00,4135001,HmiyD2TTLFNqkNe,28.018060266666666,36.678942733333329,0.32015795733333335
2020-06-16 15:30:00,4135001,HmiyD2TTLFNqkNe,27.99871413333333,38.172776266666673,0.42741416333333332
2020-06-16 15:45:00,4135001,HmiyD2TTLFNqkNe,28.175795466666663,38.979825933333331,0.35851196333333329
2020-06-16 16:00:00,4135001,HmiyD2TTLFNqkNe,28.046335933333332,37.409805999999996,0.345676682
2020-06-16 16:15:00,4135001,HmiyD2TTLFNqkNe,27.960428666666669,35.6392172,0.24791111466666668
2020-06-16 16:30:00,4135001,HmiyD2TTLFNqkNe,27.695955466666668,32.8359476,0.18955377333333334
2020-06-16 16:45:00,4135001,HmiyD2TTLFNqkNe,27.426600999999998,31.459575499999996,0.16141673642857146
2020-06-16 17:00:00,4135001,HmiyD2TTLFNqkNe,27.159495200000002,30.263354533333334,0.138821146
2020-06-16 17:15:00,4135001,HmiyD2TTLFNqkNe,26.824678533333337,29.386724733333331,0.12350976793333333
2020-06-16 17:30:00,4135001,HmiyD2TTLFNqkNe,26.401951266666664,28.3863546,0.10232830720000001
2020-06-16 17:45:00,4135001,HmiyD2TTLFNqkNe,26.144761066666668,27.231742599999997,0.072902502933333335
2020-06-16 18:00:00,4135001,HmiyD2TTLFNqkNe,25.890207866666664,26.162266133333336,0.048854919666666677
2020-06-16 18:15:00,4135001,HmiyD2TTLFNqkNe,25.614040133333333,25.099682599999994,0.024749854133333336
2020-06-16 18:30:00,4135001,HmiyD2TTLFNqkNe,25.386586466666667,24.169110200000002,0.0070536268133333333
2020-06-16 18:45:00,4135001,HmiyD2TTLFNqkNe,25.180570357142855,23.465541214285722,5.6148882857142866e-05
2020-06-16 19:00:00,4135001,HmiyD2TTLFNqkNe,24.986523400000003,23.094964466666667,0
2020-06-16 19:15:00,4135001,HmiyD2TTLFNqkNe,24.872993933333333,23.475244266666667,0
2020-06-16 19:30:00,4135001,HmiyD2TTLFNqkNe,24.442285133333336,23.068772466666665,0
2020-06-16 19:45:00,4135001,HmiyD2TTLFNqkNe,24.105043466666668,22.125270533333332,0
2020-06-16 20:00:00,4135001,HmiyD2TTLFNqkNe,23.903700666666669,21.6543518,0
2020-06-16 20:15:00,4135001,HmiyD2TTLFNqkNe,23.837534466666664,21.472778333333338,0
2020-06-16 20:30:00,4135001,HmiyD2TTLFNqkNe,23.731559266666665,21.342250600000003,0
2020-06-16 20:45:00,4135001,HmiyD2TTLFNqkNe,23.630316133333334,21.262152066666669,0
2020-06-16 21:00:00,4135001,HmiyD2TTLFNqkNe,23.540113214285718,21.28716157142857,0
2020-06-16 21:15:00,4135001,HmiyD2TTLFNqkNe,23.478678333333335,21.774637933333334,0
2020-06-16 21:30:00,4135001,HmiyD2TTLFNqkNe,23.456827866666668,21.562624133333337,0
2020-06-16 21:45:00,4135001,HmiyD2TTLFNqkNe,23.276993866666668,21.235335333333335,0
2020-06-16 22:00:00,4135001,HmiyD2TTLFNqkNe,23.0816692,20.936218266666668,0
2020-06-16 22:15:00,4135001,HmiyD2TTLFNqkNe,22.927951933333329,20.6880636,0
2020-06-16 22:30:00,4135001,HmiyD2TTLFNqkNe,22.8635354,20.536962866666666,0
2020-06-16 22:45:00,4135001,HmiyD2TTLFNqkNe,22.87235926666667,20.925111866666668,0
2020-06-16 23:00:00,4135001,HmiyD2TTLFNqkNe,22.962205000000004,21.606494266666665,0
2020-06-16 23:15:00,4135001,HmiyD2TTLFNqkNe,22.947974214285715,21.326250428571431,0
2020-06-16 23:30:00,4135001,HmiyD2TTLFNqkNe,22.925032599999998,21.164687,0
2020-06-16 23:45:00,4135001,HmiyD2TTLFNqkNe,22.8920044,21.216599666666671,0
2020-06-17 00:00:00,4135001,HmiyD2TTLFNqkNe,22.895672466666667,21.4657734,0
2020-06-17 00:15:00,4135001,HmiyD2TTLFNqkNe,22.868416400000005,21.381974333333336,0
2020-06-17 00:30:00,4135001,HmiyD2TTLFNqkNe,22.826764000000004,21.210284466666668,0
2020-06-17 00:45:00,4135001,HmiyD2TTLFNqkNe,22.795615466666668,21.3571554,0
2020-06-17 01:00:00,4135001,HmiyD2TTLFNqkNe,22.771451866666666,21.472047933333332,0
2020-06-17 01:15:00,4135001,HmiyD2TTLFNqkNe,22.74187364285714,21.349182142857142,0
2020-06-17 01:30:00,4135001,HmiyD2TTLFNqkNe,22.687184666666667,21.247636,0
2020-06-17 01:45:00,4135001,HmiyD2TTLFNqkNe,22.602610333333331,21.096276733333337,0
2020-06-17 02:00:00,4135001,HmiyD2TTLFNqkNe,22.6269064,21.193654466666665,0
2020-06-17 02:15:00,4135001,HmiyD2TTLFNqkNe,22.614011599999998,21.316611533333329,0
2020-06-17 02:30:00,4135001,HmiyD2TTLFNqkNe,22.663737,21.763271133333337,0
2020-06-17 02:45:00,4135001,HmiyD2TTLFNqkNe,22.774051866666664,22.108378000000002,0
2020-06-17 03:00:00,4135001,HmiyD2TTLFNqkNe,22.852022266666665,22.4946594,0
2020-06-17 03:15:00,4135001,HmiyD2TTLFNqkNe,22.819744933333332,22.48667,0
2020-06-17 03:30:00,4135001,HmiyD2TTLFNqkNe,22.771295133333332,22.362780800000003,0
2020-06-17 03:45:00,4135001,HmiyD2TTLFNqkNe,22.788774857142858,22.275460428571428,0
2020-06-17 04:00:00,4135001,HmiyD2TTLFNqkNe,22.8229758,22.151271533333336,0
2020-06-17 04:15:00,4135001,HmiyD2TTLFNqkNe,22.7428528,21.916270066666669,0
2020-06-17 04:30:00,4135001,HmiyD2TTLFNqkNe,22.554170733333333,21.6825296,0
2020-06-17 04:45:00,4135001,HmiyD2TTLFNqkNe,22.414825466666667,21.4082114,0
2020-06-17 05:00:00,4135001,HmiyD2TTLFNqkNe,22.35033773333333,21.41950486666666,0
2020-06-17 05:15:00,4135001,HmiyD2TTLFNqkNe,22.350765000000003,21.737540666666668,0
2020-06-17 05:30:00,4135001,HmiyD2TTLFNqkNe,22.175376333333332,21.605226666666663,0
2020-06-17 05:45:00,4135001,HmiyD2TTLFNqkNe,21.707153333333331,20.713226199999998,0
2020-06-17 06:00:00,4135001,HmiyD2TTLFNqkNe,21.695499928571429,20.599559285714285,0.0028424610064285713
2020-06-17 06:15:00,4135001,HmiyD2TTLFNqkNe,22.093398,20.822977733333335,0.019175049466666663
2020-06-17 06:30:00,4135001,HmiyD2TTLFNqkNe,22.275626600000002,21.973567733333333,0.034624085133333336
2020-06-17 06:45:00,4135001,HmiyD2TTLFNqkNe,22.335686384615386,23.154515230769231,0.045347547000000009
2020-06-17 07:00:00,4135001,HmiyD2TTLFNqkNe,22.482625266666666,24.277018266666666,0.093316147466666666
2020-06-17 07:15:00,4135001,HmiyD2TTLFNqkNe,22.711220200000003,25.8125894,0.14376524180000003
2020-06-17 07:30:00,4135001,HmiyD2TTLFNqkNe,22.998484133333335,28.593758200000003,0.22787363733333335
2020-06-17 07:45:00,4135001,HmiyD2TTLFNqkNe,23.364750200000003,30.827225666666664,0.26813491533333339
2020-06-17 08:00:00,4135001,HmiyD2TTLFNqkNe,23.751955000000002,31.084741200000003,0.23450972933333333
2020-06-17 08:15:00,4135001,HmiyD2TTLFNqkNe,24.041337,31.605246866666668,0.2610877493333334
2020-06-17 08:30:00,4135001,HmiyD2TTLFNqkNe,24.255998928571429,32.832242785714293,0.27544822428571425
2020-06-17 08:45:00,4135001,HmiyD2TTLFNqkNe,24.443902533333333,32.258191,0.26271300000000003
2020-06-17 09:00:00,4135001,HmiyD2TTLFNqkNe,24.688423733333334,34.1126014,0.33813323066666673
2020-06-17 09:15:00,4135001,HmiyD2TTLFNqkNe,24.982682266666668,34.559212133333325,0.3666457480000001
2020-06-17 09:30:00,4135001,HmiyD2TTLFNqkNe,25.439449133333333,37.621647133333326,0.46601932266666662
2020-06-17 09:45:00,4135001,HmiyD2TTLFNqkNe,25.527582066666668,37.258136000000007,0.38333966199999997
2020-06-17 10:00:00,4135001,HmiyD2TTLFNqkNe,25.684653533333332,37.617024666666673,0.42463413133333333
2020-06-17 10:15:00,4135001,HmiyD2TTLFNqkNe,25.957446399999995,38.814910666666663,0.4543548386666667
2020-06-17 10:30:00,4135001,HmiyD2TTLFNqkNe,26.182826666666664,40.228128866666673,0.50106028066666675
2020-06-17 10:45:00,4135001,HmiyD2TTLFNqkNe,26.470134214285711,41.115753285714277,0.464913585
2020-06-17 11:00:00,4135001,HmiyD2TTLFNqkNe,26.236733,37.096722333333332,0.45085772066666668
2020-06-17 11:15:00,4135001,HmiyD2TTLFNqkNe,26.771500733333337,42.283028133333339,0.564246406
2020-06-17 11:30:00,4135001,HmiyD2TTLFNqkNe,27.251393533333331,41.926712666666674,0.53722979333333332
2020-06-17 11:45:00,4135001,HmiyD2TTLFNqkNe,27.742724733333336,46.331601866666666,0.892716588
2020-06-17 12:00:00,4135001,HmiyD2TTLFNqkNe,28.4727662,51.776054,0.89716735866666664
2020-06-17 12:15:00,4135001,HmiyD2TTLFNqkNe,28.649094666666667,53.773537133333335,1.0312303086666668
2020-06-17 12:30:00,4135001,HmiyD2TTLFNqkNe,28.941943333333331,51.340740666666676,0.718821216
2020-06-17 12:45:00,4135001,HmiyD2TTLFNqkNe,29.028007000000002,47.839137666666673,0.7001748986666666
2020-06-17 13:00:00,4135001,HmiyD2TTLFNqkNe,28.579515642857142,43.52298428571428,0.48948741571428572
2020-06-17 13:15:00,4135001,HmiyD2TTLFNqkNe,28.496042933333332,42.579357600000009,0.60217157666666676
2020-06-17 13:30:00,4135001,HmiyD2TTLFNqkNe,28.954923333333333,44.689929000000006,0.65939837666666667
2020-06-17 13:45:00,4135001,HmiyD2TTLFNqkNe,29.057731066666669,45.0513366,0.59946057533333341
2020-06-17 14:00:00,4135001,HmiyD2TTLFNqkNe,28.6523418,41.975132066666667,0.43845778066666663
2020-06-17 14:15:00,4135001,HmiyD2TTLFNqkNe,28.229701733333332,39.403755600000004,0.41062621933333338
2020-06-17 14:30:00,4135001,HmiyD2TTLFNqkNe,28.766581200000005,42.795678733333339,0.58660541
2020-06-17 14:45:00,4135001,HmiyD2TTLFNqkNe,29.111263133333335,44.9506284,0.53501197333333339
2020-06-17 15:00:00,4135001,HmiyD2TTLFNqkNe,28.617018666666667,39.946699866666663,0.3174531373333333
2020-06-17 15:15:00,4135001,HmiyD2TTLFNqkNe,27.914616214285715,34.29488935714285,0.10420548971428573
2020-06-17 15:30:00,4135001,HmiyD2TTLFNqkNe,25.61776526666667,26.244122400000002,0.055315736133333342
2020-06-17 15:45:00,4135001,HmiyD2TTLFNqkNe,23.556774866666668,23.536191933333331,0.085784176
2020-06-17 16:00:00,4135001,HmiyD2TTLFNqkNe,23.403527733333334,24.986667866666668,0.19977125733333334
2020-06-17 16:15:00,4135001,HmiyD2TTLFNqkNe,24.1127868,28.996931866666667,0.235077558
2020-06-17 16:30:00,4135001,HmiyD2TTLFNqkNe,24.390767466666667,29.473142333333335,0.1186300124
2020-06-17 16:45:00,4135001,HmiyD2TTLFNqkNe,24.2918964,26.972265600000004,0.071616350066666681
2020-06-17 17:00:00,4135001,HmiyD2TTLFNqkNe,24.191860066666663,25.512402466666668,0.086472634866666676
2020-06-17 17:15:00,4135001,HmiyD2TTLFNqkNe,24.196166857142856,26.66497142857143,0.10476244464285715
2020-06-17 17:30:00,4135001,HmiyD2TTLFNqkNe,24.278403545454545,26.86244345454546,0.090131768545454544
2020-06-17 17:45:00,4135001,HmiyD2TTLFNqkNe,24.174170214285716,25.950271714285716,0.06525856392857142
2020-06-17 18:00:00,4135001,HmiyD2TTLFNqkNe,24.130348733333332,25.080924533333331,0.041939564666666672
2020-06-17 18:15:00,4135001,HmiyD2TTLFNqkNe,24.038157333333331,24.068249599999998,0.023445701466666666
2020-06-17 18:30:00,4135001,HmiyD2TTLFNqkNe,23.8402385,22.968658428571427,0.0070068898142857149
2020-06-17 18:45:00,4135001,HmiyD2TTLFNqkNe,23.583048599999998,22.460372,3.9083115333333336e-05
2020-06-17 19:00:00,4135001,HmiyD2TTLFNqkNe,23.474888266666667,22.423349933333334,0
2020-06-17 19:15:00,4135001,HmiyD2TTLFNqkNe,23.489280266666665,22.756880799999998,0
2020-06-17 19:30:00,4135001,HmiyD2TTLFNqkNe,23.45561106666667,22.7176046,0
2020-06-17 19:45:00,4135001,HmiyD2TTLFNqkNe,23.051322399999997,21.774304133333331,0
2020-06-17 20:00:00,4135001,HmiyD2TTLFNqkNe,23.003263199999996,21.243221066666671,0
2020-06-17 20:15:00,4135001,HmiyD2TTLFNqkNe,22.890356333333337,20.784726999999997,0
2020-06-17 20:30:00,4135001,HmiyD2TTLFNqkNe,22.891965666666664,20.9494608,0
2020-06-17 20:45:00,4135001,HmiyD2TTLFNqkNe,22.887429499999996,21.121948214285716,0
2020-06-17 21:00:00,4135001,HmiyD2TTLFNqkNe,22.899882133333328,21.383107466666665,0
2020-06-17 21:15:00,4135001,HmiyD2TTLFNqkNe,22.892598466666666,21.563179466666664,0
2020-06-17 21:30:00,4135001,HmiyD2TTLFNqkNe,22.996561599999996,21.869773466666665,0
2020-06-17 21:45:00,4135001,HmiyD2TTLFNqkNe,23.137090999999998,22.125984799999998,0
2020-06-17 22:00:00,4135001,HmiyD2TTLFNqkNe,22.563179466666668,21.164713466666665,0
2020-06-17 22:15:00,4135001,HmiyD2TTLFNqkNe,22.199228933333334,20.515272933333332,0
2020-06-17 22:30:00,4135001,HmiyD2TTLFNqkNe,22.171736666666664,21.0808288,0
2020-06-17 22:45:00,4135001,HmiyD2TTLFNqkNe,22.150569666666666,21.480377266666668,0
2020-06-17 23:00:00,4135001,HmiyD2TTLFNqkNe,22.129815666666666,21.389023866666669,0
2020-06-17 23:15:00,4135001,HmiyD2TTLFNqkNe,22.008274642857142,20.709211357142859,0
2020-06-17 23:30:00,4135001,HmiyD2TTLFNqkNe,21.969494733333335,20.7349628,0
2020-06-17 23:45:00,4135001,HmiyD2TTLFNqkNe,21.909287666666668,20.4279724,0
